dataset,seed,method,k,train,test
CIFAR-100,-1,Baseline,1024,0.88222,0.8777
CIFAR-100,0,Simple,50,0.82894,0.8176
CIFAR-100,0,Simple,100,0.85108,0.8397
CIFAR-100,0,Simple,200,0.8657,0.8582
CIFAR-100,0,Simple,300,0.87102,0.8646
CIFAR-100,0,Simple,500,0.87634,0.8689
CIFAR-100,0,Simple,700,0.87952,0.8745
CIFAR-100,0,Simple,900,0.8815,0.8764
CIFAR-100,0,Simple,1000,0.88196,0.8766
CIFAR-100,0,FAIR,50,0.84774,0.8406
CIFAR-100,0,FAIR,100,0.86066,0.8538
CIFAR-100,0,FAIR,200,0.86846,0.8623
CIFAR-100,0,FAIR,300,0.87124,0.8652
CIFAR-100,0,FAIR,500,0.87558,0.8706
CIFAR-100,0,FAIR,700,0.87922,0.8746
CIFAR-100,0,FAIR,900,0.88106,0.8757
CIFAR-100,0,FAIR,1000,0.88188,0.8767
CIFAR-100,0,MSDA,50,0.79696,0.7929
CIFAR-100,0,MSDA,100,0.84518,0.8409
CIFAR-100,0,MSDA,200,0.8662,0.8626
CIFAR-100,0,MSDA,300,0.87618,0.8711
CIFAR-100,0,MSDA,500,0.8791,0.8761
CIFAR-100,0,MSDA,700,0.88272,0.8788
CIFAR-100,0,MSDA,900,0.88274,0.8778
CIFAR-100,0,MSDA,1000,0.88166,0.8775
CIFAR-100,0,Optimized,50,0.86792,0.861
CIFAR-100,0,Optimized,100,0.88072,0.8725
CIFAR-100,0,Optimized,200,0.8854,0.8787
CIFAR-100,0,Optimized,300,0.88696,0.882
CIFAR-100,0,Optimized,500,0.88784,0.8834
CIFAR-100,0,Optimized,700,0.8875,0.8836
CIFAR-100,0,Optimized,900,0.88624,0.88
CIFAR-100,0,Optimized,1000,0.88334,0.8781
CIFAR-100,1,Simple,50,0.82718,0.8195
CIFAR-100,1,Simple,100,0.8497,0.8413
CIFAR-100,1,Simple,200,0.8643,0.8567
CIFAR-100,1,Simple,300,0.87102,0.8636
CIFAR-100,1,Simple,500,0.87692,0.8694
CIFAR-100,1,Simple,700,0.88012,0.8736
CIFAR-100,1,Simple,900,0.8811,0.8764
CIFAR-100,1,Simple,1000,0.88198,0.8773
CIFAR-100,1,FAIR,50,0.84806,0.8422
CIFAR-100,1,FAIR,100,0.8612,0.8535
CIFAR-100,1,FAIR,200,0.86826,0.8613
CIFAR-100,1,FAIR,300,0.8719,0.8651
CIFAR-100,1,FAIR,500,0.87582,0.8708
CIFAR-100,1,FAIR,700,0.8785,0.8734
CIFAR-100,1,FAIR,900,0.88072,0.8758
CIFAR-100,1,FAIR,1000,0.88158,0.8778
CIFAR-100,1,MSDA,50,0.80148,0.7936
CIFAR-100,1,MSDA,100,0.84354,0.8408
CIFAR-100,1,MSDA,200,0.86626,0.8627
CIFAR-100,1,MSDA,300,0.87572,0.8702
CIFAR-100,1,MSDA,500,0.8798,0.8769
CIFAR-100,1,MSDA,700,0.8828,0.8783
CIFAR-100,1,MSDA,900,0.88214,0.8784
CIFAR-100,1,MSDA,1000,0.8818,0.8778
CIFAR-100,1,Optimized,50,0.86966,0.861
CIFAR-100,1,Optimized,100,0.88068,0.8728
CIFAR-100,1,Optimized,200,0.88446,0.8797
CIFAR-100,1,Optimized,300,0.88606,0.8818
CIFAR-100,1,Optimized,500,0.8877,0.8814
CIFAR-100,1,Optimized,700,0.8883,0.8826
CIFAR-100,1,Optimized,900,0.8864,0.8806
CIFAR-100,1,Optimized,1000,0.88344,0.8784
CIFAR-100,2,Simple,50,0.82906,0.82
CIFAR-100,2,Simple,100,0.85068,0.8402
CIFAR-100,2,Simple,200,0.86372,0.8581
CIFAR-100,2,Simple,300,0.87072,0.8643
CIFAR-100,2,Simple,500,0.87588,0.8705
CIFAR-100,2,Simple,700,0.87904,0.8739
CIFAR-100,2,Simple,900,0.88116,0.8768
CIFAR-100,2,Simple,1000,0.88166,0.8778
CIFAR-100,2,FAIR,50,0.84748,0.841
CIFAR-100,2,FAIR,100,0.8609,0.8533
CIFAR-100,2,FAIR,200,0.86782,0.8616
CIFAR-100,2,FAIR,300,0.87128,0.8663
CIFAR-100,2,FAIR,500,0.87544,0.8704
CIFAR-100,2,FAIR,700,0.8787,0.8736
CIFAR-100,2,FAIR,900,0.88056,0.8758
CIFAR-100,2,FAIR,1000,0.88178,0.8776
CIFAR-100,2,MSDA,50,0.79846,0.7935
CIFAR-100,2,MSDA,100,0.8456,0.8411
CIFAR-100,2,MSDA,200,0.86558,0.8628
CIFAR-100,2,MSDA,300,0.87348,0.8701
CIFAR-100,2,MSDA,500,0.87974,0.8762
CIFAR-100,2,MSDA,700,0.88244,0.8783
CIFAR-100,2,MSDA,900,0.88236,0.8782
CIFAR-100,2,MSDA,1000,0.88192,0.8782
CIFAR-100,2,Optimized,50,0.8682,0.8618
CIFAR-100,2,Optimized,100,0.87992,0.8709
CIFAR-100,2,Optimized,200,0.88556,0.8787
CIFAR-100,2,Optimized,300,0.88588,0.8818
CIFAR-100,2,Optimized,500,0.8869,0.8827
CIFAR-100,2,Optimized,700,0.88716,0.8832
CIFAR-100,2,Optimized,900,0.88576,0.8802
CIFAR-100,2,Optimized,1000,0.8835,0.8791
CIFAR-100,3,Simple,50,0.82964,0.8177
CIFAR-100,3,Simple,100,0.84964,0.8416
CIFAR-100,3,Simple,200,0.86382,0.8558
CIFAR-100,3,Simple,300,0.87182,0.8645
CIFAR-100,3,Simple,500,0.87662,0.8705
CIFAR-100,3,Simple,700,0.87876,0.8745
CIFAR-100,3,Simple,900,0.88078,0.8759
CIFAR-100,3,Simple,1000,0.88194,0.8762
CIFAR-100,3,FAIR,50,0.84716,0.8404
CIFAR-100,3,FAIR,100,0.86052,0.8525
CIFAR-100,3,FAIR,200,0.86798,0.8624
CIFAR-100,3,FAIR,300,0.87128,0.866
CIFAR-100,3,FAIR,500,0.87564,0.8699
CIFAR-100,3,FAIR,700,0.87884,0.8743
CIFAR-100,3,FAIR,900,0.8808,0.8753
CIFAR-100,3,FAIR,1000,0.8822,0.8762
CIFAR-100,3,MSDA,50,0.8021,0.7947
CIFAR-100,3,MSDA,100,0.84496,0.8408
CIFAR-100,3,MSDA,200,0.86576,0.8622
CIFAR-100,3,MSDA,300,0.87354,0.87
CIFAR-100,3,MSDA,500,0.87974,0.8764
CIFAR-100,3,MSDA,700,0.88224,0.879
CIFAR-100,3,MSDA,900,0.88234,0.8785
CIFAR-100,3,MSDA,1000,0.88222,0.8778
CIFAR-100,3,Optimized,50,0.86856,0.8632
CIFAR-100,3,Optimized,100,0.8797,0.8716
CIFAR-100,3,Optimized,200,0.8848,0.8804
CIFAR-100,3,Optimized,300,0.88686,0.8806
CIFAR-100,3,Optimized,500,0.88764,0.8829
CIFAR-100,3,Optimized,700,0.88758,0.8811
CIFAR-100,3,Optimized,900,0.88554,0.8805
CIFAR-100,3,Optimized,1000,0.8839,0.878
CIFAR-100,4,Simple,50,0.82904,0.8219
CIFAR-100,4,Simple,100,0.85058,0.8417
CIFAR-100,4,Simple,200,0.86574,0.8564
CIFAR-100,4,Simple,300,0.87198,0.8641
CIFAR-100,4,Simple,500,0.87712,0.869
CIFAR-100,4,Simple,700,0.87974,0.8741
CIFAR-100,4,Simple,900,0.88222,0.8768
CIFAR-100,4,Simple,1000,0.88276,0.8767
CIFAR-100,4,FAIR,50,0.84734,0.8398
CIFAR-100,4,FAIR,100,0.86064,0.8523
CIFAR-100,4,FAIR,200,0.86802,0.8616
CIFAR-100,4,FAIR,300,0.87206,0.8661
CIFAR-100,4,FAIR,500,0.87566,0.8696
CIFAR-100,4,FAIR,700,0.87856,0.8737
CIFAR-100,4,FAIR,900,0.88114,0.8752
CIFAR-100,4,FAIR,1000,0.88232,0.8774
CIFAR-100,4,MSDA,50,0.80082,0.7944
CIFAR-100,4,MSDA,100,0.84534,0.84
CIFAR-100,4,MSDA,200,0.86704,0.8634
CIFAR-100,4,MSDA,300,0.87414,0.8698
CIFAR-100,4,MSDA,500,0.8803,0.8766
CIFAR-100,4,MSDA,700,0.88328,0.8788
CIFAR-100,4,MSDA,900,0.88192,0.8776
CIFAR-100,4,MSDA,1000,0.88236,0.8785
CIFAR-100,4,Optimized,50,0.86862,0.8614
CIFAR-100,4,Optimized,100,0.88122,0.8707
CIFAR-100,4,Optimized,200,0.88476,0.8788
CIFAR-100,4,Optimized,300,0.88694,0.8811
CIFAR-100,4,Optimized,500,0.88816,0.8833
CIFAR-100,4,Optimized,700,0.8878,0.8827
CIFAR-100,4,Optimized,900,0.88604,0.8807
CIFAR-100,4,Optimized,1000,0.8834,0.8784
CUB-200,-1,Baseline,1024,0.9164164164164165,0.8890231273731446
CUB-200,0,Simple,50,0.9030697364030698,0.8598550224370038
CUB-200,0,Simple,100,0.9164164164164165,0.8745253710735243
CUB-200,0,Simple,200,0.9209209209209209,0.8843631342768381
CUB-200,0,Simple,300,0.9225892559225892,0.8866068346565412
CUB-200,0,Simple,500,0.9235902569235902,0.8905764584052468
CUB-200,0,Simple,700,0.9209209209209209,0.890749050742147
CUB-200,0,Simple,900,0.9187520854187521,0.8912668277528478
CUB-200,0,Simple,1000,0.9170837504170838,0.8904038660683465
CUB-200,0,FAIR,50,0.9197530864197531,0.8636520538488092
CUB-200,0,FAIR,100,0.9250917584250917,0.8779772178115292
CUB-200,0,FAIR,200,0.9290957624290958,0.8872972040041422
CUB-200,0,FAIR,300,0.9260927594260927,0.8917846047635485
CUB-200,0,FAIR,500,0.9214214214214215,0.8917846047635485
CUB-200,0,FAIR,700,0.9190857524190857,0.8924749741111495
CUB-200,0,FAIR,900,0.9177510844177511,0.8919571971004487
CUB-200,0,FAIR,1000,0.9169169169169169,0.890749050742147
CUB-200,0,MSDA,50,0.8873873873873874,0.8546772523299966
CUB-200,0,MSDA,100,0.9110777444110777,0.8798757335174319
CUB-200,0,MSDA,200,0.9160827494160827,0.886434242319641
CUB-200,0,MSDA,300,0.9160827494160827,0.8897134967207456
CUB-200,0,MSDA,500,0.9165832499165832,0.8935105281325509
CUB-200,0,MSDA,700,0.9167500834167501,0.8910942354159476
CUB-200,0,MSDA,900,0.915749082415749,0.8905764584052468
CUB-200,0,MSDA,1000,0.9175842509175842,0.8910942354159476
CUB-200,0,Optimized,50,0.9502836169502836,0.8924749741111495
CUB-200,0,Optimized,100,0.9502836169502836,0.9002416292716603
CUB-200,0,Optimized,200,0.9472806139472806,0.9036934760096652
CUB-200,0,Optimized,300,0.9432766099432766,0.9012771832930618
CUB-200,0,Optimized,500,0.938938938938939,0.9017949603037625
CUB-200,0,Optimized,700,0.9325992659325992,0.8973075595443563
CUB-200,0,Optimized,900,0.9259259259259259,0.8936831204694512
CUB-200,0,Optimized,1000,0.9192525859192526,0.892129789437349
CUB-200,1,Simple,50,0.9054054054054054,0.8627890921643079
CUB-200,1,Simple,100,0.9172505839172506,0.8790127718329306
CUB-200,1,Simple,200,0.920754087420754,0.8878149810148429
CUB-200,1,Simple,300,0.9235902569235902,0.8888505350362443
CUB-200,1,Simple,500,0.9217550884217551,0.8900586813945461
CUB-200,1,Simple,700,0.9180847514180848,0.8924749741111495
CUB-200,1,Simple,900,0.9169169169169169,0.8935105281325509
CUB-200,1,Simple,1000,0.9154154154154154,0.8910942354159476
CUB-200,1,FAIR,50,0.923923923923924,0.8626164998274076
CUB-200,1,FAIR,100,0.9265932599265932,0.8774594408008285
CUB-200,1,FAIR,200,0.9264264264264265,0.8843631342768381
CUB-200,1,FAIR,300,0.9247580914247581,0.887124611667242
CUB-200,1,FAIR,500,0.9204204204204204,0.8910942354159476
CUB-200,1,FAIR,700,0.9170837504170838,0.8904038660683465
CUB-200,1,FAIR,900,0.9155822489155823,0.8919571971004487
CUB-200,1,FAIR,1000,0.9162495829162496,0.8905764584052468
CUB-200,1,MSDA,50,0.8858858858858859,0.8524335519502934
CUB-200,1,MSDA,100,0.9075742409075742,0.8779772178115292
CUB-200,1,MSDA,200,0.9115782449115782,0.8888505350362443
CUB-200,1,MSDA,300,0.9155822489155823,0.8898860890576459
CUB-200,1,MSDA,500,0.9159159159159159,0.8933379357956507
CUB-200,1,MSDA,700,0.9159159159159159,0.892129789437349
CUB-200,1,MSDA,900,0.914914914914915,0.8912668277528478
CUB-200,1,MSDA,1000,0.9147480814147481,0.8912668277528478
CUB-200,1,Optimized,50,0.948948948948949,0.8936831204694512
CUB-200,1,Optimized,100,0.9482816149482817,0.8986882982395582
CUB-200,1,Optimized,200,0.9447781114447781,0.9024853296513635
CUB-200,1,Optimized,300,0.9412746079412746,0.9038660683465655
CUB-200,1,Optimized,500,0.934934934934935,0.9017949603037625
CUB-200,1,Optimized,700,0.9312645979312646,0.8997238522609596
CUB-200,1,Optimized,900,0.923923923923924,0.8950638591646531
CUB-200,1,Optimized,1000,0.9187520854187521,0.8919571971004487
CUB-200,2,Simple,50,0.8995662328995663,0.855712806351398
CUB-200,2,Simple,100,0.9140807474140807,0.8731446323783224
CUB-200,2,Simple,200,0.9215882549215882,0.8859164653089403
CUB-200,2,Simple,300,0.9234234234234234,0.8912668277528478
CUB-200,2,Simple,500,0.9195862529195863,0.892129789437349
CUB-200,2,Simple,700,0.915749082415749,0.8928201587849499
CUB-200,2,Simple,900,0.9152485819152486,0.8923023817742493
CUB-200,2,Simple,1000,0.9159159159159159,0.890749050742147
CUB-200,2,FAIR,50,0.9229229229229229,0.8629616845012081
CUB-200,2,FAIR,100,0.9277610944277611,0.8778046254746289
CUB-200,2,FAIR,200,0.9255922589255923,0.8874697963410425
CUB-200,2,FAIR,300,0.924924924924925,0.8883327580255437
CUB-200,2,FAIR,500,0.9192525859192526,0.8928201587849499
CUB-200,2,FAIR,700,0.9172505839172506,0.8926475664480497
CUB-200,2,FAIR,900,0.9154154154154154,0.8893683120469451
CUB-200,2,FAIR,1000,0.9144144144144144,0.8895409043838454
CUB-200,2,MSDA,50,0.8855522188855522,0.8598550224370038
CUB-200,2,MSDA,100,0.908908908908909,0.8781498101484294
CUB-200,2,MSDA,200,0.9159159159159159,0.8869520193303417
CUB-200,2,MSDA,300,0.9137470804137471,0.8905764584052468
CUB-200,2,MSDA,500,0.9174174174174174,0.8931653434587504
CUB-200,2,MSDA,700,0.9144144144144144,0.8916120124266482
CUB-200,2,MSDA,900,0.9145812479145813,0.8917846047635485
CUB-200,2,MSDA,1000,0.9144144144144144,0.8904038660683465
CUB-200,2,Optimized,50,0.9492826159492826,0.8962720055229548
CUB-200,2,Optimized,100,0.9482816149482817,0.9028305143251639
CUB-200,2,Optimized,200,0.9454454454454454,0.9024853296513635
CUB-200,2,Optimized,300,0.9422756089422756,0.9028305143251639
CUB-200,2,Optimized,500,0.9371037704371038,0.9009319986192613
CUB-200,2,Optimized,700,0.9322655989322656,0.8978253365550569
CUB-200,2,Optimized,900,0.9247580914247581,0.8950638591646531
CUB-200,2,Optimized,1000,0.9174174174174174,0.890749050742147
CUB-200,3,Simple,50,0.9055722389055723,0.8605453917846048
CUB-200,3,Simple,100,0.9175842509175842,0.8715913013462202
CUB-200,3,Simple,200,0.9215882549215882,0.8836727649292372
CUB-200,3,Simple,300,0.9234234234234234,0.8886779426993442
CUB-200,3,Simple,500,0.9184184184184184,0.8900586813945461
CUB-200,3,Simple,700,0.9172505839172506,0.8895409043838454
CUB-200,3,Simple,900,0.9159159159159159,0.8891957197100449
CUB-200,3,Simple,1000,0.914914914914915,0.8885053503624439
CUB-200,3,FAIR,50,0.9197530864197531,0.8631342768381084
CUB-200,3,FAIR,100,0.9219219219219219,0.8788401794960303
CUB-200,3,FAIR,200,0.924924924924925,0.8848809112875389
CUB-200,3,FAIR,300,0.924924924924925,0.8867794269934415
CUB-200,3,FAIR,500,0.9195862529195863,0.8888505350362443
CUB-200,3,FAIR,700,0.9177510844177511,0.8904038660683465
CUB-200,3,FAIR,900,0.9159159159159159,0.8891957197100449
CUB-200,3,FAIR,1000,0.9155822489155823,0.8888505350362443
CUB-200,3,MSDA,50,0.8922255588922255,0.855712806351398
CUB-200,3,MSDA,100,0.9097430764097431,0.8779772178115292
CUB-200,3,MSDA,200,0.9142475809142476,0.886434242319641
CUB-200,3,MSDA,300,0.9155822489155823,0.8878149810148429
CUB-200,3,MSDA,500,0.9137470804137471,0.891439420089748
CUB-200,3,MSDA,700,0.915749082415749,0.8904038660683465
CUB-200,3,MSDA,900,0.9159159159159159,0.8898860890576459
CUB-200,3,MSDA,1000,0.914914914914915,0.8898860890576459
CUB-200,3,Optimized,50,0.9496162829496163,0.891439420089748
CUB-200,3,Optimized,100,0.948948948948949,0.8995512599240594
CUB-200,3,Optimized,200,0.9451117784451117,0.9005868139454608
CUB-200,3,Optimized,300,0.9417751084417751,0.9017949603037625
CUB-200,3,Optimized,500,0.935769102435769,0.9002416292716603
CUB-200,3,Optimized,700,0.9312645979312646,0.8966171901967552
CUB-200,3,Optimized,900,0.9220887554220888,0.8935105281325509
CUB-200,3,Optimized,1000,0.9175842509175842,0.8891957197100449
CUB-200,4,Simple,50,0.9000667334000667,0.8617535381429065
CUB-200,4,Simple,100,0.9144144144144144,0.8729720400414221
CUB-200,4,Simple,200,0.923923923923924,0.8819468415602347
CUB-200,4,Simple,300,0.9225892559225892,0.8866068346565412
CUB-200,4,Simple,500,0.9222555889222556,0.892129789437349
CUB-200,4,Simple,700,0.9214214214214215,0.8910942354159476
CUB-200,4,Simple,900,0.9180847514180848,0.8904038660683465
CUB-200,4,Simple,1000,0.9169169169169169,0.8909216430790473
CUB-200,4,FAIR,50,0.9200867534200867,0.8619261304798067
CUB-200,4,FAIR,100,0.9260927594260927,0.8765964791163272
CUB-200,4,FAIR,200,0.9244244244244244,0.88574387297204
CUB-200,4,FAIR,300,0.9252585919252586,0.8879875733517432
CUB-200,4,FAIR,500,0.920754087420754,0.8909216430790473
CUB-200,4,FAIR,700,0.9194194194194194,0.8929927511218502
CUB-200,4,FAIR,900,0.9174174174174174,0.891439420089748
CUB-200,4,FAIR,1000,0.9174174174174174,0.8909216430790473
CUB-200,4,MSDA,50,0.890724057390724,0.8541594753192958
CUB-200,4,MSDA,100,0.9082415749082415,0.8797031411805316
CUB-200,4,MSDA,200,0.9132465799132465,0.8883327580255437
CUB-200,4,MSDA,300,0.9160827494160827,0.8902312737314463
CUB-200,4,MSDA,500,0.9170837504170838,0.8942008974801519
CUB-200,4,MSDA,700,0.9174174174174174,0.8933379357956507
CUB-200,4,MSDA,900,0.9164164164164165,0.8919571971004487
CUB-200,4,MSDA,1000,0.9162495829162496,0.890749050742147
CUB-200,4,Optimized,50,0.9481147814481148,0.8924749741111495
CUB-200,4,Optimized,100,0.9486152819486153,0.8988608905764585
CUB-200,4,Optimized,200,0.9459459459459459,0.9002416292716603
CUB-200,4,Optimized,300,0.9421087754421088,0.9011045909561616
CUB-200,4,Optimized,500,0.9377711044377711,0.9019675526406628
CUB-200,4,Optimized,700,0.9325992659325992,0.9002416292716603
CUB-200,4,Optimized,900,0.9259259259259259,0.8959268208491543
CUB-200,4,Optimized,1000,0.9182515849182515,0.8923023817742493
ImageNet,-1,Baseline,1024,0.8422211936461055,0.81992
ImageNet,0,Simple,50,0.8202006451930154,0.79446
ImageNet,0,Simple,100,0.8352868907800466,0.81256
ImageNet,0,Simple,200,0.8428854317977281,0.82198
ImageNet,0,Simple,300,0.8445885665178701,0.82304
ImageNet,0,Simple,500,0.8447501379601566,0.82312
ImageNet,0,Simple,700,0.8438626658351331,0.82104
ImageNet,0,Simple,900,0.842801914192295,0.82076
ImageNet,0,Simple,1000,0.8423585683989675,0.81964
ImageNet,0,FAIR,50,0.8418301439234698,0.81852
ImageNet,0,FAIR,100,0.8481673349375999,0.82568
ImageNet,0,FAIR,200,0.8502708858407998,0.8293
ImageNet,0,FAIR,300,0.849968817492177,0.82926
ImageNet,0,FAIR,500,0.8481470409400179,0.8255
ImageNet,0,FAIR,700,0.845828841985471,0.82344
ImageNet,0,FAIR,900,0.8434536637300212,0.82062
ImageNet,0,FAIR,1000,0.8424655021554567,0.8196
ImageNet,0,MSDA,50,0.7449629907732559,0.7197
ImageNet,0,MSDA,100,0.803334772125726,0.7806
ImageNet,0,MSDA,200,0.8266322813497382,0.80388
ImageNet,0,MSDA,300,0.8333933046979823,0.81122
ImageNet,0,MSDA,500,0.8385019283200394,0.8178
ImageNet,0,MSDA,700,0.8408451045023795,0.82016
ImageNet,0,MSDA,900,0.8415702246467478,0.82038
ImageNet,0,MSDA,1000,0.8420354255143943,0.81988
ImageNet,0,Optimized,50,0.8500445297139249,0.82618
ImageNet,0,Optimized,100,0.8580700252191947,0.8364
ImageNet,0,Optimized,200,0.859816089549606,0.83868
ImageNet,0,Optimized,300,0.8589785718801686,0.83738
ImageNet,0,Optimized,500,0.8561381927570723,0.83534
ImageNet,0,Optimized,700,0.8526663580938316,0.8311
ImageNet,0,Optimized,900,0.8479565895780956,0.82606
ImageNet,0,Optimized,1000,0.8439891130508357,0.82178
ImageNet,1,Simple,50,0.8202880654902913,0.79476
ImageNet,1,Simple,100,0.8342550190568443,0.81138
ImageNet,1,Simple,200,0.8423289079409632,0.82038
ImageNet,1,Simple,300,0.8442654236332968,0.82198
ImageNet,1,Simple,500,0.8448625354852256,0.82286
ImageNet,1,Simple,700,0.8440359453529478,0.82154
ImageNet,1,Simple,900,0.8427605456587627,0.8202
ImageNet,1,Simple,1000,0.8423905704720774,0.82002
ImageNet,1,FAIR,50,0.8416935497089763,0.81818
ImageNet,1,FAIR,100,0.848182165166602,0.82556
ImageNet,1,FAIR,200,0.8502396643060585,0.82938
ImageNet,1,FAIR,300,0.8500375048686081,0.82874
ImageNet,1,FAIR,500,0.848081475717061,0.82538
ImageNet,1,FAIR,700,0.8457679599927254,0.82256
ImageNet,1,FAIR,900,0.8434083925046462,0.82082
ImageNet,1,FAIR,1000,0.8424865766914071,0.81972
ImageNet,1,MSDA,50,0.7449559659279391,0.71972
ImageNet,1,MSDA,100,0.8034104843474739,0.78092
ImageNet,1,MSDA,200,0.8264207554518653,0.80358
ImageNet,1,MSDA,300,0.833397207389825,0.81152
ImageNet,1,MSDA,500,0.8385518827756256,0.8174
ImageNet,1,MSDA,700,0.8409567214890799,0.82012
ImageNet,1,MSDA,900,0.8418301439234698,0.8203
ImageNet,1,MSDA,1000,0.8420674275875042,0.82002
ImageNet,1,Optimized,50,0.8501038506299335,0.8268
ImageNet,1,Optimized,100,0.8580497312216128,0.83612
ImageNet,1,Optimized,200,0.8599589280710477,0.83892
ImageNet,1,Optimized,300,0.859019940413701,0.83712
ImageNet,1,Optimized,500,0.8560890188398546,0.83474
ImageNet,1,Optimized,700,0.8527319233167885,0.83184
ImageNet,1,Optimized,900,0.8480713287182702,0.82616
ImageNet,1,Optimized,1000,0.8440437507366331,0.8219
ImageNet,2,Simple,50,0.8194474256673798,0.79482
ImageNet,2,Simple,100,0.8341153026888767,0.81058
ImageNet,2,Simple,200,0.8426083406768985,0.81958
ImageNet,2,Simple,300,0.8450209847740381,0.8219
ImageNet,2,Simple,500,0.8449218564012342,0.82234
ImageNet,2,Simple,700,0.8444925602985404,0.82212
ImageNet,2,Simple,900,0.8429751937101096,0.82
ImageNet,2,Simple,1000,0.8423413965548597,0.82012
ImageNet,2,FAIR,50,0.8415272950364785,0.81776
ImageNet,2,FAIR,100,0.8483195399194641,0.82634
ImageNet,2,FAIR,200,0.8503395732172309,0.8297
ImageNet,2,FAIR,300,0.8499477429562267,0.82882
ImageNet,2,FAIR,500,0.8480892811007464,0.826
ImageNet,2,FAIR,700,0.845768740531094,0.82312
ImageNet,2,FAIR,900,0.8434989349553962,0.82068
ImageNet,2,FAIR,1000,0.8425295063016766,0.81994
ImageNet,2,MSDA,50,0.7446554586560534,0.71952
ImageNet,2,MSDA,100,0.803629815629032,0.78046
ImageNet,2,MSDA,200,0.8266892606506412,0.80366
ImageNet,2,MSDA,300,0.8333066649390751,0.8116
ImageNet,2,MSDA,500,0.8386127647683713,0.81778
ImageNet,2,MSDA,700,0.8409629657960281,0.8204
ImageNet,2,MSDA,900,0.8418254606932586,0.82046
ImageNet,2,MSDA,1000,0.8420814772781379,0.8202
ImageNet,2,Optimized,50,0.8500960452462482,0.82622
ImageNet,2,Optimized,100,0.8582518906590632,0.83644
ImageNet,2,Optimized,200,0.8598933628480908,0.83866
ImageNet,2,Optimized,300,0.8589668638046406,0.8377
ImageNet,2,Optimized,500,0.8561600478313912,0.83538
ImageNet,2,Optimized,700,0.8527483146225278,0.83174
ImageNet,2,Optimized,900,0.8479589311932012,0.8266
ImageNet,2,Optimized,1000,0.8440273594308939,0.82194
ImageNet,3,Simple,50,0.8191797010069726,0.7946
ImageNet,3,Simple,100,0.8338936297922129,0.8111
ImageNet,3,Simple,200,0.842255537334321,0.8206
ImageNet,3,Simple,300,0.8444550944568506,0.82266
ImageNet,3,Simple,500,0.8449577611661868,0.82328
ImageNet,3,Simple,700,0.8441647341837559,0.82242
ImageNet,3,Simple,900,0.8428409411107217,0.8208
ImageNet,3,Simple,1000,0.8423851067034976,0.82006
ImageNet,3,FAIR,50,0.8420494752050279,0.81824
ImageNet,3,FAIR,100,0.848205581317658,0.82624
ImageNet,3,FAIR,200,0.850263860995483,0.82956
ImageNet,3,FAIR,300,0.8498899831169551,0.82928
ImageNet,3,FAIR,500,0.8480775730252185,0.8257
ImageNet,3,FAIR,700,0.8459708999685444,0.8231
ImageNet,3,FAIR,900,0.8434833241880254,0.82086
ImageNet,3,FAIR,1000,0.842541994915573,0.81982
ImageNet,3,MSDA,50,0.7449629907732559,0.7204
ImageNet,3,MSDA,100,0.8031013911535343,0.78016
ImageNet,3,MSDA,200,0.8267610701805463,0.80428
ImageNet,3,MSDA,300,0.8334424786152,0.81154
ImageNet,3,MSDA,500,0.8385924707707895,0.81746
ImageNet,3,MSDA,700,0.8409738933331876,0.8203
ImageNet,3,MSDA,900,0.8418644876116853,0.82038
ImageNet,3,MSDA,1000,0.8421720197288878,0.82032
ImageNet,3,Optimized,50,0.8502381032293214,0.82674
ImageNet,3,Optimized,100,0.8580302177623994,0.8361
ImageNet,3,Optimized,200,0.8597536464801232,0.8385
ImageNet,3,Optimized,300,0.8590503814100738,0.83784
ImageNet,3,Optimized,500,0.8561608283697597,0.83482
ImageNet,3,Optimized,700,0.8528201241524329,0.83162
ImageNet,3,Optimized,900,0.8479175626596689,0.82612
ImageNet,3,Optimized,1000,0.8440109681251546,0.82218
ImageNet,4,Simple,50,0.819509088198494,0.79458
ImageNet,4,Simple,100,0.8343369755855403,0.812
ImageNet,4,Simple,200,0.8426216098291636,0.82012
ImageNet,4,Simple,300,0.8447064278115187,0.82276
ImageNet,4,Simple,500,0.8449031234803893,0.82296
ImageNet,4,Simple,700,0.843918084059299,0.82146
ImageNet,4,Simple,900,0.8429252392545235,0.8209
ImageNet,4,Simple,1000,0.8422586594877951,0.81976
ImageNet,4,FAIR,50,0.8414749989657867,0.81774
ImageNet,4,FAIR,100,0.8481322107110159,0.82602
ImageNet,4,FAIR,200,0.8502841549930649,0.82922
ImageNet,4,FAIR,300,0.8500086249489723,0.82868
ImageNet,4,FAIR,500,0.848123624788962,0.8259
ImageNet,4,FAIR,700,0.845771862684568,0.82318
ImageNet,4,FAIR,900,0.8433904401221699,0.82112
ImageNet,4,FAIR,1000,0.8423936926255515,0.8201
ImageNet,4,MSDA,50,0.744669508346687,0.72022
ImageNet,4,MSDA,100,0.803096707923323,0.78062
ImageNet,4,MSDA,200,0.826706432494749,0.80376
ImageNet,4,MSDA,300,0.8333019817088638,0.81146
ImageNet,4,MSDA,500,0.8385643713895222,0.81792
ImageNet,4,MSDA,700,0.8408466655791166,0.8205
ImageNet,4,MSDA,900,0.8416443757917587,0.82044
ImageNet,4,MSDA,1000,0.8420799162014008,0.8199
ImageNet,4,Optimized,50,0.8505581239604204,0.82738
ImageNet,4,Optimized,100,0.857918600775699,0.83734
ImageNet,4,Optimized,200,0.8596396878783172,0.8393
ImageNet,4,Optimized,300,0.8588880294294187,0.8375
ImageNet,4,Optimized,500,0.8561241430664387,0.8354
ImageNet,4,Optimized,700,0.8526780661693597,0.8312
ImageNet,4,Optimized,900,0.8478941465086128,0.82648
ImageNet,4,Optimized,1000,0.843995357357784,0.82212
